ジャンルコード,商品コード
10,10445
10,10563
10,11188
10,11208
10,11209
10,11284
10,11462
10,11463
10,11601
10,11602
10,11603
10,11604
10,11606
10,11608
10,11609
10,11611
10,11612
10,11615
10,11616
10,11648
10,11658
10,11735
10,11736
10,11808
10,11811
10,11944
10,11951
10,11981
10,11982
10,11983
10,11997
10,12107
10,12110
10,12112
10,12189
10,12220
10,12225
10,12242
10,12243
10,12262
10,12264
10,12312
10,12318
10,12319
10,12320
10,12326
10,12382
10,12395
10,12399
10,12401
10,12402
10,12405
10,12406
10,12407
10,12445
10,12449
10,12450
10,12494
10,12495
10,12519
10,12520
10,12521
10,12522
10,12523
10,12524
10,12525
10,12526
10,12527
10,12529
10,12530
10,12580
10,12581
10,12596
10,12623
10,12723
10,12764
10,12842
10,12849
10,12865
10,12866
10,12898
10,12899
10,12929
10,12930
10,12937
10,12938
10,12939
10,12940
10,12941
10,12942
10,12952
10,12985
10,12986
10,13000
10,13007
10,13009
10,13025
10,13027
10,13037
10,13046
10,13049
10,13050
10,13056
10,13083
10,13084
10,13085
10,13124
10,13125
10,13127
10,13128
10,13152
10,13153
10,13154
10,13160
10,13161
10,13162
10,13163
10,13164
10,13165
10,13166
10,13167
10,13168
10,13169
10,13170
10,13171
10,13172
10,13244
10,13246
10,13267
10,13268
10,13270
10,13271
10,13287
10,13289
10,13291
10,13293
10,13294
10,13351
10,13352
10,13369
10,13410
10,13447
10,13490
10,13493
10,13494
10,13496
10,13497
10,13517
10,13518
10,13519
10,13520
10,13621
10,13622
10,13624
10,13625
10,13626
10,13628
10,13629
10,13630
10,13653
10,13655
10,13677
10,13757
10,13769
10,13773
10,13774
10,13775
10,13793
10,13796
10,13829
10,13835
10,13836
10,13837
10,13838
10,13842
10,13877
10,13878
10,13879
10,13907
10,13908
10,13909
10,13917
10,13924
10,13927
10,13938
10,13939
10,13940
10,13941
10,13942
10,13943
10,13944
10,13945
10,13946
10,13947
10,13948
10,13949
10,13976
10,13977
10,13978
10,13979
10,13980
10,13986
10,13987
10,13988
10,13989
10,13992
10,14000
10,14012
10,14013
10,14014
10,14025
10,14026
10,14027
10,14028
10,14036
10,14037
10,14038
10,14039
10,14083
10,14120
10,14121
10,14132
10,14207
10,14222
10,14224
10,14236
10,14237
10,14238
10,14243
10,14244
10,14245
10,14246
10,14258
10,14264
10,14265
10,14266
10,14273
10,14274
10,14276
10,14290
10,14291
10,14292
10,14293
10,14349
10,14350
10,14351
10,14358
10,14359
10,14387
10,14421
10,14464
10,14468
10,14469
10,14470
10,14472
10,14479
10,14480
10,14481
10,14482
10,14483
10,14485
10,14530
10,14535
10,14570
10,14571
10,14572
10,14575
10,14587
10,14597
10,14601
10,14621
10,14622
10,14623
10,14628
10,14629
10,14630
10,14631
10,14632
10,14633
10,14634
10,14639
10,14640
10,14641
10,14684
10,14688
10,14690
10,14691
10,14692
10,14693
10,14694
10,14695
10,14696
10,14697
10,14698
10,14699
10,14708
10,14713
10,14714
10,14715
10,14771
10,14772
10,14775
10,14776
10,14777
10,14793
10,14794
10,14807
10,14808
10,14820
10,14827
10,14828
10,14829
10,14830
10,14831
10,14832
10,14833
10,14834
10,14835
10,14858
10,14859
10,14863
10,14864
10,14865
10,14866
10,14882
10,14917
10,14940
10,14941
10,14942
10,14943
10,14944
10,14945
10,14946
10,14949
10,14950
10,14956
10,14980
10,14981
10,14982
10,14983
10,14984
10,14985
10,14986
10,14989
10,15009
10,15020
10,15021
10,15022
10,15042
10,15043
10,15044
10,15045
10,15046
10,15047
10,15048
10,15049
10,15050
10,15051
10,15052
10,15053
10,15054
10,15055
10,15059
10,15060
10,15061
10,15072
10,15074
10,15088
10,15109
10,15113
10,15138
10,15139
10,15166
10,15167
10,15168
10,15169
10,15170
10,15171
10,15172
10,15173
10,15174
10,15185
10,15189
10,15190
10,15216
10,15217
10,15218
10,15219
10,15220
10,15221
10,15222
10,15223
10,15224
10,15225
10,15226
10,15227
10,15228
10,15229
10,15230
10,15231
10,15232
10,15233
10,15234
10,15235
10,15236
10,15237
10,15287
10,15288
10,15289
10,15335
10,15336
10,15344
10,15348
10,15349
10,15353
10,15354
10,15355
10,15357
10,15358
10,15367
10,15368
10,15434
10,15473
10,15485
10,15486
10,15487
10,15488
10,15489
10,15496
10,15497
10,15498
10,15499
10,15500
10,15501
10,15502
10,15503
10,15504
10,15505
10,15506
10,15507
10,15508
10,15509
10,15510
10,15511
10,15512
10,15513
10,15514
10,15515
10,15525
10,15538
10,15539
10,15551
10,15552
10,15564
10,15593
10,15645
10,15690
10,15691
10,15706
10,15707
10,15835
10,15836
10,15838
10,15839
10,15840
10,15841
10,15842
10,15846
10,15847
10,15848
10,15892
10,15893
10,15894
10,15896
10,15916
10,15949
10,15953
10,15956
10,15965
10,15966
10,15967
10,16033
10,16034
10,16157
10,16212
10,16246
10,16249
10,16250
10,16268
10,16320
10,16404
10,16405
1010,11735
1010,11736
1010,11951
1010,11981
1010,11982
1010,11983
1010,12189
1010,12220
1010,12242
1010,12243
1010,12262
1010,12264
1010,12312
1010,12405
1010,12406
1010,12407
1010,12494
1010,12495
1010,12519
1010,12520
1010,12521
1010,12522
1010,12524
1010,12525
1010,12580
1010,12581
1010,12623
1010,12723
1010,12952
1010,12985
1010,13007
1010,13009
1010,13025
1010,13027
1010,13049
1010,13050
1010,13124
1010,13125
1010,13164
1010,13165
1010,13166
1010,13167
1010,13168
1010,13169
1010,13170
1010,13171
1010,13172
1010,13287
1010,13289
1010,13291
1010,13293
1010,13294
1010,13351
1010,13352
1010,13369
1010,13410
1010,13447
1010,13517
1010,13518
1010,13519
1010,13520
1010,13757
1010,13769
1010,13773
1010,13774
1010,13837
1010,13838
1010,13842
1010,13877
1010,13878
1010,13879
1010,13907
1010,13908
1010,13909
1010,13924
1010,13938
1010,13939
1010,13944
1010,13945
1010,13948
1010,13949
1010,13992
1010,14000
1010,14012
1010,14013
1010,14014
1010,14025
1010,14026
1010,14027
1010,14028
1010,14036
1010,14037
1010,14038
1010,14039
1010,14083
1010,14236
1010,14237
1010,14238
1010,14276
1010,14358
1010,14359
1010,14479
1010,14480
1010,14481
1010,14482
1010,14483
1010,14530
1010,14570
1010,14571
1010,14572
1010,14575
1010,14587
1010,14597
1010,14601
1010,14639
1010,14640
1010,14641
1010,14699
1010,14772
1010,14820
1010,14827
1010,14828
1010,14829
1010,14830
1010,14831
1010,14832
1010,14833
1010,14834
1010,14835
1010,14858
1010,14859
1010,14865
1010,14866
1010,14944
1010,14945
1010,14946
1010,14949
1010,14950
1010,14980
1010,14981
1010,14982
1010,14983
1010,14986
1010,15042
1010,15043
1010,15044
1010,15045
1010,15046
1010,15047
1010,15048
1010,15049
1010,15050
1010,15051
1010,15052
1010,15053
1010,15054
1010,15055
1010,15216
1010,15217
1010,15218
1010,15219
1010,15220
1010,15221
1010,15222
1010,15223
1010,15224
1010,15225
1010,15226
1010,15227
1010,15228
1010,15229
1010,15230
1010,15231
1010,15232
1010,15233
1010,15234
1010,15235
1010,15236
1010,15237
1010,15353
1010,15354
1010,15355
1010,15496
1010,15497
1010,15498
1010,15499
1010,15500
1010,15501
1010,15502
1010,15503
1010,15504
1010,15505
1010,15506
1010,15507
1010,15508
1010,15509
1010,15510
1010,15511
1010,15512
1010,15513
1010,15514
1010,15515
1010,15525
1010,15551
1010,15552
1010,15690
1010,15706
1010,15707
1010,15842
1010,15892
1010,15893
1010,15956
1010,16033
1010,16034
1010,16212
1010,16404
1010,16405
1011,10445
1011,11208
1011,11209
1011,11601
1011,11602
1011,11606
1011,11608
1011,11609
1011,11611
1011,11612
1011,11615
1011,11616
1011,11658
1011,11811
1011,11944
1011,12318
1011,12319
1011,12320
1011,12326
1011,12382
1011,12395
1011,12449
1011,12450
1011,12523
1011,12526
1011,12527
1011,12529
1011,12530
1011,12764
1011,12865
1011,12866
1011,12898
1011,12899
1011,12930
1011,12937
1011,12938
1011,13000
1011,13496
1011,13497
1011,13655
1011,13677
1011,13835
1011,13836
1011,13917
1011,13927
1011,13942
1011,13943
1011,13946
1011,13947
1011,14273
1011,14274
1011,14421
1011,14621
1011,14684
1011,14692
1011,14693
1011,14695
1011,14696
1011,14697
1011,14807
1011,14882
1011,14985
1011,15021
1011,15488
1011,15836
1011,15838
1011,15839
1011,15896
1012,10563
1012,11463
1012,11808
1012,11997
1012,12107
1012,12849
1012,12942
1012,13154
1012,13163
1012,13494
1012,13775
1012,13986
1012,13987
1012,14120
1012,14244
1012,14245
1012,14246
1012,14265
1012,14351
1012,14535
1012,14629
1012,14631
1012,14691
1012,14776
1012,14777
1012,14940
1012,14956
1012,14989
1012,15059
1012,15287
1012,15288
1012,15289
1012,15335
1012,15336
1012,15348
1012,15367
1012,15485
1012,15538
1012,15539
1012,15564
1012,15965
1012,15966
1012,15967
1012,16249
1012,16250
1013,11603
1013,11604
1013,11648
1013,12842
1013,12929
1013,12939
1013,12940
1013,12986
1013,13083
1013,13084
1013,13085
1013,13621
1013,13622
1013,13624
1013,13625
1013,13626
1013,13628
1013,13629
1013,13630
1013,13940
1013,13941
1013,14290
1013,14291
1013,14292
1013,14387
1013,14622
1013,14628
1013,14694
1013,14698
1013,14943
1013,15022
1013,15061
1013,15072
1013,15109
1013,15138
1013,15139
1013,15166
1013,15167
1013,15168
1013,15169
1013,15170
1013,15171
1013,15172
1013,15173
1013,15174
1013,15185
1013,15189
1013,15190
1013,15349
1013,15486
1013,15487
1013,15489
1013,15645
1013,15835
1013,15840
1013,15841
1013,15894
1013,15953
1013,16157
1014,11284
1014,11462
1014,12110
1014,12112
1014,12399
1014,12401
1014,12402
1014,12445
1014,12941
1014,13037
1014,13056
1014,13127
1014,13128
1014,13152
1014,13153
1014,13160
1014,13161
1014,13162
1014,13244
1014,13246
1014,13270
1014,13271
1014,13490
1014,13493
1014,13653
1014,13793
1014,13976
1014,13977
1014,14121
1014,14132
1014,14222
1014,14243
1014,14264
1014,14266
1014,14293
1014,14349
1014,14350
1014,14469
1014,14472
1014,14561
1014,14623
1014,14630
1014,14632
1014,14633
1014,14634
1014,14690
1014,14713
1014,14714
1014,14715
1014,14771
1014,14808
1014,14863
1014,14864
1014,14941
1014,14942
1014,14984
1014,15020
1014,15060
1014,15088
1014,15368
1014,15593
1014,16268
1015,12225
1015,12596
1015,13037
1015,13046
1015,13267
1015,13268
1015,13796
1015,13829
1015,13978
1015,13979
1015,13980
1015,13988
1015,13989
1015,14207
1015,14224
1015,14258
1015,14464
1015,14468
1015,14470
1015,14485
1015,14688
1015,14708
1015,14775
1015,14793
1015,14794
1015,14917
1015,15009
1015,15074
1015,15113
1015,15344
1015,15357
1015,15358
1015,15434
1015,15473
1015,15691
1015,15846
1015,15847
1015,15848
1015,15916
1015,15949
1015,16246
1015,16320
11,10482
11,10625
11,11123
11,11145
11,11185
11,11186
11,11190
11,11329
11,11330
11,11331
11,11445
11,11446
11,11501
11,11524
11,11717
11,11986
11,11999
11,12000
11,12023
11,12024
11,12025
11,12030
11,12031
11,12032
11,12033
11,12034
11,12035
11,12036
11,12042
11,12043
11,12046
11,12047
11,12113
11,12117
11,12119
11,12122
11,12185
11,12266
11,12293
11,12294
11,12403
11,12404
11,12426
11,12478
11,12624
11,12625
11,12636
11,12806
11,12807
11,12923
11,12925
11,13002
11,13011
11,13022
11,13023
11,13053
11,13063
11,13073
11,13076
11,13099
11,13100
11,13104
11,13106
11,13113
11,13159
11,13217
11,13219
11,13220
11,13242
11,13249
11,13250
11,13251
11,13252
11,13253
11,13323
11,13498
11,13604
11,13609
11,13651
11,13652
11,13786
11,13797
11,13874
11,13875
11,13876
11,13982
11,13983
11,13984
11,13985
11,13993
11,13994
11,13995
11,14023
11,14063
11,14064
11,14065
11,14066
11,14077
11,14078
11,14079
11,14080
11,14092
11,14093
11,14094
11,14129
11,14206
11,14221
11,14223
11,14248
11,14249
11,14250
11,14257
11,14259
11,14260
11,14261
11,14262
11,14263
11,14269
11,14270
11,14271
11,14466
11,14467
11,14484
11,14486
11,14487
11,14491
11,14492
11,14493
11,14578
11,14579
11,14644
11,14646
11,14648
11,14649
11,14651
11,14662
11,14683
11,14689
11,14707
11,14709
11,14710
11,14721
11,14724
11,14743
11,14744
11,14745
11,14761
11,14774
11,14778
11,14779
11,14781
11,14782
11,14952
11,14988
11,15010
11,15063
11,15064
11,15112
11,15212
11,15277
11,15278
11,15279
11,15280
11,15281
11,15283
11,15284
11,15285
11,15286
11,15342
11,15356
11,15359
11,15360
11,15361
11,15362
11,15363
11,15364
11,15365
11,15374
11,15375
11,15376
11,15377
11,15378
11,15382
11,15383
11,15384
11,15385
11,15386
11,15388
11,15389
11,15410
11,15411
11,15436
11,15437
11,15438
11,15439
11,15440
11,15444
11,15445
11,15446
11,15447
11,15463
11,15464
11,15470
11,15471
11,15472
11,15474
11,15475
11,15534
11,15535
11,15536
11,15606
11,15607
11,15656
11,15657
11,15661
11,15682
11,15692
11,15696
11,15708
11,15709
11,15711
11,15712
11,15723
11,15724
11,15767
11,15790
11,15796
11,15797
11,15845
11,15865
11,15897
11,15913
11,15914
11,15915
11,15947
11,15948
11,15951
11,15959
11,15980
11,15982
11,16103
11,16214
11,16216
11,16217
11,16236
11,16252
11,16271
11,16273
11,16305
11,16406
11,16407
11,16408
11,16409
11,16410
11,16411
11,16413
11,16417
1110,10625
1110,11145
1110,11185
1110,11445
1110,11986
1110,12034
1110,12036
1110,12042
1110,12119
1110,12403
1110,12404
1110,12426
1110,12478
1110,12624
1110,12625
1110,12806
1110,12807
1110,13002
1110,13022
1110,13053
1110,13073
1110,13099
1110,13104
1110,13106
1110,13159
1110,13252
1110,13323
1110,13498
1110,13651
1110,13652
1110,13797
1110,13874
1110,13875
1110,13876
1110,13982
1110,13983
1110,13993
1110,13994
1110,13995
1110,14063
1110,14064
1110,14094
1110,14129
1110,14221
1110,14223
1110,14257
1110,14467
1110,14484
1110,14486
1110,14487
1110,14491
1110,14492
1110,14493
1110,14644
1110,14646
1110,14648
1110,14649
1110,14651
1110,14662
1110,14683
1110,14689
1110,14709
1110,14721
1110,14761
1110,14779
1110,14988
1110,15010
1110,15063
1110,15064
1110,15112
1110,15212
1110,15285
1110,15286
1110,15342
1110,15356
1110,15363
1110,15364
1110,15383
1110,15384
1110,15388
1110,15389
1110,15436
1110,15437
1110,15438
1110,15463
1110,15464
1110,15470
1110,15471
1110,15474
1110,15475
1110,15606
1110,15682
1110,15692
1110,15696
1110,15708
1110,15709
1110,15711
1110,15712
1110,15767
1110,15796
1110,15797
1110,15845
1110,15865
1110,15897
1110,15913
1110,15914
1110,15915
1110,15947
1110,15948
1110,15951
1110,15959
1110,16214
1110,16216
1110,16217
1110,16236
1110,16252
1110,16305
1110,16408
1110,16410
1110,16413
1110,16417
1111,11188
1111,11329
1111,11330
1111,11331
1111,11717
1111,12046
1111,12047
1111,12122
1111,12294
1111,13063
1111,13100
1111,13113
1111,13217
1111,13219
1111,13220
1111,13242
1111,13786
1111,14066
1111,14077
1111,14078
1111,14079
1111,14080
1111,14248
1111,14249
1111,14260
1111,14261
1111,14707
1111,14724
1111,14743
1111,14744
1111,14745
1111,14774
1111,14778
1111,14781
1111,14782
1111,14952
1111,15279
1111,15280
1111,15281
1111,15374
1111,15375
1111,15376
1111,15377
1111,15378
1111,15410
1111,15411
1111,15444
1111,15445
1111,15446
1111,15447
1111,15536
1111,15607
1111,15656
1111,15657
1111,15724
1111,15790
1111,15980
1111,15982
1111,16103
1111,16271
1111,16273
1114,11123
1114,11186
1114,11999
1114,12032
1114,12035
1114,12043
1114,12113
1114,12185
1114,12266
1114,12293
1114,12923
1114,12925
1114,13011
1114,13023
1114,13099
1114,13113
1114,13253
1114,13609
1114,13984
1114,13985
1114,14023
1114,14065
1114,14092
1114,14093
1114,14206
1114,14250
1114,14259
1114,14262
1114,14263
1114,14466
1114,14710
1114,15278
1114,15284
1114,15359
1114,15360
1114,15361
1114,15365
1114,15382
1114,15385
1114,15386
1114,15410
1114,15411
1114,15439
1114,15440
1114,15444
1114,15447
1114,15472
1114,15534
1114,15535
1114,15658
1114,15661
1114,16273
1114,16406
1114,16407
1114,16411
1115,10482
1115,11190
1115,11446
1115,11501
1115,11524
1115,12000
1115,12023
1115,12024
1115,12025
1115,12030
1115,12031
1115,12033
1115,12034
1115,12117
1115,12636
1115,12923
1115,13076
1115,13099
1115,13249
1115,13250
1115,13251
1115,13252
1115,13604
1115,14259
1115,14269
1115,14270
1115,14271
1115,14578
1115,14579
1115,14781
1115,15277
1115,15283
1115,15284
1115,15362
1115,15661
1115,15723
1115,15724
1115,16409
12,11582
12,11583
12,11720
12,11991
12,11994
12,12106
12,12177
12,12181
12,12183
12,12467
12,12469
12,12471
12,12472
12,12473
12,12518
12,12683
12,12684
12,12711
12,12761
12,12770
12,12771
12,12773
12,12774
12,12775
12,12815
12,12839
12,12868
12,12894
12,12905
12,12907
12,12908
12,12911
12,12912
12,13014
12,13015
12,13016
12,13017
12,13020
12,13021
12,13066
12,13068
12,13069
12,13077
12,13078
12,13105
12,13107
12,13108
12,13110
12,13121
12,13173
12,13206
12,13208
12,13210
12,13240
12,13406
12,13476
12,13749
12,13789
12,13790
12,13791
12,13792
12,13911
12,13912
12,13913
12,13914
12,13915
12,13916
12,13928
12,14001
12,14056
12,14057
12,14058
12,14059
12,14116
12,14117
12,14118
12,14119
12,14122
12,14123
12,14124
12,14125
12,14126
12,14127
12,14128
12,14135
12,14223
12,14357
12,14380
12,14417
12,14418
12,14471
12,14473
12,14500
12,14583
12,14649
12,14650
12,14751
12,14762
12,14763
12,14877
12,14879
12,14880
12,14881
12,14947
12,14962
12,14963
12,14964
12,14965
12,15017
12,15018
12,15019
12,15040
12,15069
12,15121
12,15123
12,15136
12,15140
12,15160
12,15324
12,15326
12,15327
12,15366
12,15369
12,15371
12,15372
12,15470
12,15471
12,15478
12,15480
12,15481
12,15482
12,15483
12,15524
12,15533
12,15561
12,15562
12,15591
12,15592
12,15653
12,15664
12,15665
12,15666
12,15667
12,15684
12,15702
12,15703
12,15819
12,15820
12,15844
12,15920
12,15921
12,15950
12,15952
12,15960
12,16004
12,16104
12,16105
12,16115
12,16161
12,16206
12,16210
12,16236
12,16298
12,16299
12,16389
12,16420
1210,12467
1210,13020
1210,13021
1210,13066
1210,13406
1210,13792
1210,14125
1210,14126
1210,14223
1210,14649
1210,15369
1210,15371
1210,15470
1210,15471
1210,15478
1210,15482
1210,15702
1210,15819
1210,16104
1210,16236
1210,16389
1210,16420
1211,11582
1211,11720
1211,11991
1211,12106
1211,12177
1211,12181
1211,12183
1211,12469
1211,12471
1211,12472
1211,12473
1211,12518
1211,12683
1211,12684
1211,12711
1211,12761
1211,12815
1211,12868
1211,12894
1211,13014
1211,13015
1211,13016
1211,13017
1211,13068
1211,13069
1211,13105
1211,13107
1211,13108
1211,13110
1211,13121
1211,13206
1211,13208
1211,13476
1211,13789
1211,13790
1211,13791
1211,13911
1211,13912
1211,13913
1211,13914
1211,13915
1211,13928
1211,14001
1211,14057
1211,14058
1211,14059
1211,14116
1211,14117
1211,14118
1211,14119
1211,14122
1211,14123
1211,14124
1211,14127
1211,14128
1211,14135
1211,14357
1211,14417
1211,14418
1211,14471
1211,14473
1211,14500
1211,14583
1211,14751
1211,14762
1211,14763
1211,14880
1211,14947
1211,14962
1211,14963
1211,14964
1211,14965
1211,15019
1211,15040
1211,15069
1211,15121
1211,15123
1211,15136
1211,15140
1211,15324
1211,15326
1211,15327
1211,15366
1211,15372
1211,15480
1211,15481
1211,15524
1211,15533
1211,15561
1211,15562
1211,15591
1211,15592
1211,15653
1211,15666
1211,15667
1211,15684
1211,15702
1211,15703
1211,15820
1211,15844
1211,15950
1211,15952
1211,15960
1211,16115
1211,16161
1211,16206
1211,16210
1211,16299
1212,11583
1212,11994
1212,12770
1212,12771
1212,12773
1212,12774
1212,12775
1212,12839
1212,12905
1212,12907
1212,12908
1212,12911
1212,12912
1212,13077
1212,13078
1212,13173
1212,13210
1212,13240
1212,13749
1212,13916
1212,14056
1212,14380
1212,14650
1212,14877
1212,14879
1212,14881
1212,15017
1212,15018
1212,15160
1212,15483
1212,15664
1212,15665
1212,15920
1212,15921
1212,16004
1212,16105
1212,16298
13,10072
13,10073
13,10074
13,10076
13,10078
13,10081
13,10082
13,10083
13,10084
13,10086
13,10092
13,10093
13,10097
13,10098
13,10099
13,10100
13,10101
13,10102
13,10106
13,10107
13,10111
13,10114
13,10115
13,10116
13,10118
13,10119
13,10120
13,10121
13,10122
13,10123
13,10124
13,10125
13,10126
13,10131
13,10132
13,10133
13,10148
13,10151
13,10706
13,10711
13,10712
13,11087
13,11162
13,11192
13,11193
13,11497
13,11510
13,11521
13,11531
13,11562
13,11563
13,11574
13,11654
13,11655
13,11704
13,11754
13,11755
13,11756
13,11757
13,11758
13,11759
13,11760
13,11830
13,11839
13,11841
13,11863
13,11926
13,11927
13,11934
13,12058
13,12059
13,12088
13,12090
13,12135
13,12136
13,12137
13,12140
13,12141
13,12332
13,12336
13,12337
13,12339
13,12365
13,12366
13,12367
13,12368
13,12444
13,12451
13,12459
13,12460
13,12555
13,12576
13,12577
13,12578
13,12579
13,12618
13,12633
13,12638
13,12651
13,12652
13,12699
13,12700
13,12701
13,12705
13,12706
13,12736
13,12742
13,12755
13,12756
13,12757
13,12758
13,12759
13,12762
13,12763
13,12767
13,12789
13,12838
13,12840
13,12846
13,12847
13,12852
13,12853
13,12854
13,12855
13,12857
13,12858
13,12862
13,12887
13,12892
13,12896
13,12897
13,12900
13,12901
13,12909
13,12947
13,12948
13,12949
13,12950
13,12953
13,12954
13,12959
13,12960
13,12961
13,12970
13,12971
13,12972
13,12973
13,12981
13,12982
13,12983
13,12984
13,12997
13,12998
13,13055
13,13212
13,13261
13,13262
13,13263
13,13298
13,13318
13,13319
13,13327
13,13328
13,13329
13,13330
13,13331
13,13332
13,13348
13,13349
13,13353
13,13354
13,13355
13,13356
13,13359
13,13360
13,13370
13,13371
13,13372
13,13373
13,13374
13,13375
13,13403
13,13411
13,13445
13,13452
13,13463
13,13464
13,13465
13,13467
13,13468
13,13471
13,13472
13,13473
13,13479
13,13533
13,13535
13,13551
13,13553
13,13554
13,13555
13,13569
13,13570
13,13571
13,13572
13,13573
13,13603
13,13614
13,13615
13,13631
13,13637
13,13638
13,13640
13,13643
13,13644
13,13645
13,13646
13,13648
13,13658
13,13659
13,13660
13,13661
13,13662
13,13663
13,13678
13,13729
13,13730
13,13731
13,13733
13,13734
13,13735
13,13736
13,13737
13,13738
13,13739
13,13740
13,13741
13,13742
13,13743
13,13744
13,13745
13,13746
13,13747
13,13748
13,13798
13,13799
13,13800
13,13801
13,13802
13,13803
13,13804
13,13808
13,13809
13,13810
13,13892
13,13899
13,13904
13,13931
13,13932
13,13933
13,13935
13,13963
13,13964
13,13965
13,13966
13,13967
13,13968
13,13969
13,13970
13,13971
13,13972
13,13973
13,13974
13,13990
13,14015
13,14016
13,14031
13,14082
13,14086
13,14087
13,14088
13,14104
13,14105
13,14130
13,14131
13,14133
13,14137
13,14138
13,14139
13,14140
13,14142
13,14147
13,14150
13,14151
13,14154
13,14156
13,14157
13,14161
13,14162
13,14163
13,14164
13,14165
13,14166
13,14167
13,14169
13,14170
13,14173
13,14174
13,14175
13,14177
13,14190
13,14192
13,14193
13,14194
13,14195
13,14197
13,14198
13,14199
13,14200
13,14201
13,14225
13,14228
13,14229
13,14230
13,14231
13,14232
13,14233
13,14235
13,14239
13,14240
13,14241
13,14242
13,14277
13,14282
13,14283
13,14303
13,14305
13,14306
13,14307
13,14360
13,14377
13,14378
13,14381
13,14382
13,14385
13,14386
13,14389
13,14390
13,14392
13,14393
13,14395
13,14396
13,14397
13,14398
13,14399
13,14400
13,14402
13,14403
13,14406
13,14407
13,14410
13,14411
13,14412
13,14413
13,14414
13,14415
13,14458
13,14459
13,14514
13,14515
13,14516
13,14520
13,14524
13,14526
13,14537
13,14538
13,14539
13,14543
13,14546
13,14562
13,14580
13,14584
13,14636
13,14637
13,14645
13,14653
13,14654
13,14655
13,14659
13,14660
13,14661
13,14671
13,14674
13,14679
13,14706
13,14711
13,14712
13,14718
13,14719
13,14720
13,14722
13,14723
13,14739
13,14740
13,14741
13,14748
13,14749
13,14750
13,14755
13,14756
13,14757
13,14768
13,14773
13,14783
13,14784
13,14785
13,14786
13,14787
13,14788
13,14792
13,14804
13,14805
13,14813
13,14814
13,14815
13,14816
13,14817
13,14819
13,14823
13,14824
13,14825
13,14826
13,14837
13,14838
13,14839
13,14840
13,14841
13,14842
13,14843
13,14844
13,14845
13,14852
13,14853
13,14860
13,14875
13,14883
13,14884
13,14885
13,14886
13,14889
13,14890
13,14891
13,14893
13,14894
13,14895
13,14896
13,14897
13,14898
13,14899
13,14900
13,14901
13,14902
13,14903
13,14904
13,14905
13,14906
13,14911
13,14913
13,14914
13,14915
13,14939
13,14948
13,14993
13,14994
13,14995
13,14997
13,14998
13,14999
13,15000
13,15001
13,15002
13,15003
13,15004
13,15005
13,15006
13,15031
13,15033
13,15034
13,15035
13,15037
13,15070
13,15075
13,15076
13,15077
13,15078
13,15079
13,15080
13,15081
13,15082
13,15083
13,15084
13,15085
13,15086
13,15087
13,15090
13,15096
13,15102
13,15105
13,15106
13,15107
13,15108
13,15110
13,15111
13,15118
13,15119
13,15120
13,15137
13,15141
13,15142
13,15143
13,15144
13,15145
13,15146
13,15148
13,15149
13,15150
13,15151
13,15152
13,15153
13,15154
13,15155
13,15156
13,15157
13,15158
13,15159
13,15178
13,15180
13,15188
13,15191
13,15200
13,15201
13,15202
13,15203
13,15204
13,15209
13,15210
13,15215
13,15238
13,15239
13,15240
13,15241
13,15242
13,15243
13,15244
13,15245
13,15246
13,15247
13,15248
13,15249
13,15250
13,15251
13,15252
13,15253
13,15259
13,15290
13,15291
13,15292
13,15293
13,15294
13,15295
13,15296
13,15297
13,15298
13,15299
13,15300
13,15302
13,15303
13,15304
13,15305
13,15306
13,15307
13,15308
13,15310
13,15311
13,15312
13,15314
13,15315
13,15317
13,15318
13,15319
13,15320
13,15323
13,15328
13,15329
13,15330
13,15338
13,15346
13,15350
13,15351
13,15352
13,15390
13,15391
13,15392
13,15393
13,15399
13,15400
13,15401
13,15402
13,15403
13,15404
13,15405
13,15406
13,15412
13,15458
13,15459
13,15461
13,15462
13,15468
13,15469
13,15476
13,15477
13,15484
13,15516
13,15521
13,15522
13,15523
13,15527
13,15537
13,15540
13,15541
13,15548
13,15553
13,15554
13,15555
13,15556
13,15557
13,15558
13,15559
13,15560
13,15565
13,15566
13,15567
13,15568
13,15569
13,15570
13,15578
13,15594
13,15595
13,15596
13,15598
13,15599
13,15600
13,15601
13,15602
13,15603
13,15604
13,15605
13,15631
13,15632
13,15633
13,15634
13,15635
13,15636
13,15637
13,15638
13,15639
13,15640
13,15642
13,15643
13,15644
13,15646
13,15647
13,15648
13,15649
13,15650
13,15651
13,15662
13,15663
13,15688
13,15693
13,15695
13,15697
13,15698
13,15699
13,15700
13,15701
13,15704
13,15705
13,15710
13,15713
13,15714
13,15715
13,15716
13,15717
13,15718
13,15719
13,15720
13,15721
13,15722
13,15746
13,15747
13,15748
13,15749
13,15750
13,15751
13,15752
13,15753
13,15754
13,15755
13,15756
13,15757
13,15758
13,15759
13,15760
13,15761
13,15762
13,15763
13,15764
13,15765
13,15768
13,15769
13,15772
13,15773
13,15780
13,15781
13,15782
13,15783
13,15784
13,15789
13,15792
13,15793
13,15794
13,15802
13,15803
13,15805
13,15814
13,15829
13,15837
13,15849
13,15850
13,15853
13,15866
13,15867
13,15868
13,15869
13,15888
13,15889
13,15890
13,15891
13,15901
13,15922
13,15923
13,15924
13,15925
13,15926
13,15927
13,15928
13,15929
13,15930
13,15931
13,15932
13,15934
13,15957
13,15958
13,15961
13,15962
13,15963
13,15968
13,15991
13,15992
13,15993
13,15994
13,15995
13,15999
13,16000
13,16001
13,16002
13,16003
13,16007
13,16008
13,16017
13,16018
13,16054
13,16055
13,16056
13,16061
13,16062
13,16063
13,16066
13,16106
13,16107
13,16109
13,16110
13,16113
13,16114
13,16116
13,16162
13,16165
13,16166
13,16167
13,16168
13,16169
13,16196
13,16197
13,16198
13,16199
13,16200
13,16201
13,16202
13,16213
13,16215
13,16301
13,16302
13,16303
13,16308
13,16309
13,16310
13,16312
13,16313
13,16314
13,16321
13,16323
13,16329
13,16331
13,16361
13,16362
13,16396
13,16397
13,16398
13,16399
13,16400
13,16401
13,16402
13,16403
13,16414
13,16415
13,16421
13,16422
13,16424
13,16425
13,16426
13,16427
1310,10072
1310,10073
1310,10074
1310,10076
1310,10078
1310,10081
1310,10082
1310,10083
1310,10092
1310,10097
1310,10098
1310,10099
1310,10102
1310,10107
1310,10111
1310,10114
1310,10116
1310,10119
1310,10120
1310,10121
1310,10124
1310,10125
1310,10126
1310,10131
1310,10132
1310,10133
1310,10148
1310,10151
1310,10706
1310,10711
1310,10712
1310,11087
1310,11192
1310,11193
1310,11497
1310,11521
1310,11562
1310,11563
1310,11574
1310,11655
1310,11704
1310,11754
1310,11755
1310,11756
1310,11757
1310,11758
1310,11759
1310,11760
1310,11830
1310,11841
1310,11863
1310,11926
1310,11927
1310,11934
1310,12090
1310,12137
1310,12365
1310,12366
1310,12367
1310,12368
1310,12444
1310,12451
1310,12555
1310,12576
1310,12577
1310,12578
1310,12579
1310,12618
1310,12633
1310,12638
1310,12651
1310,12652
1310,12699
1310,12700
1310,12701
1310,12705
1310,12706
1310,12742
1310,12755
1310,12756
1310,12758
1310,12759
1310,12762
1310,12763
1310,12767
1310,12789
1310,12838
1310,12840
1310,12846
1310,12847
1310,12852
1310,12855
1310,12857
1310,12858
1310,12862
1310,12887
1310,12892
1310,12896
1310,12897
1310,12900
1310,12901
1310,12947
1310,12948
1310,12949
1310,12953
1310,12954
1310,12960
1310,12961
1310,12971
1310,12972
1310,12973
1310,12998
1310,13055
1310,13261
1310,13262
1310,13263
1310,13298
1310,13318
1310,13319
1310,13327
1310,13328
1310,13329
1310,13330
1310,13331
1310,13332
1310,13349
1310,13353
1310,13354
1310,13355
1310,13356
1310,13359
1310,13360
1310,13370
1310,13371
1310,13372
1310,13373
1310,13374
1310,13375
1310,13403
1310,13445
1310,13452
1310,13463
1310,13464
1310,13465
1310,13467
1310,13468
1310,13471
1310,13472
1310,13473
1310,13479
1310,13533
1310,13535
1310,13551
1310,13553
1310,13554
1310,13555
1310,13569
1310,13570
1310,13571
1310,13572
1310,13573
1310,13603
1310,13637
1310,13638
1310,13640
1310,13643
1310,13644
1310,13645
1310,13646
1310,13648
1310,13658
1310,13659
1310,13660
1310,13661
1310,13662
1310,13663
1310,13678
1310,13729
1310,13731
1310,13733
1310,13738
1310,13739
1310,13740
1310,13742
1310,13743
1310,13744
1310,13745
1310,13747
1310,13748
1310,13798
1310,13799
1310,13800
1310,13803
1310,13804
1310,13808
1310,13809
1310,13810
1310,13892
1310,13899
1310,13904
1310,13931
1310,13932
1310,13933
1310,13935
1310,13963
1310,13964
1310,13965
1310,13966
1310,13967
1310,13968
1310,13969
1310,13970
1310,13971
1310,13972
1310,13973
1310,13974
1310,13990
1310,14015
1310,14016
1310,14031
1310,14082
1310,14086
1310,14087
1310,14088
1310,14104
1310,14105
1310,14130
1310,14133
1310,14139
1310,14142
1310,14147
1310,14150
1310,14151
1310,14154
1310,14156
1310,14157
1310,14163
1310,14164
1310,14165
1310,14166
1310,14167
1310,14169
1310,14170
1310,14174
1310,14177
1310,14192
1310,14193
1310,14197
1310,14198
1310,14200
1310,14201
1310,14225
1310,14228
1310,14229
1310,14230
1310,14231
1310,14232
1310,14233
1310,14235
1310,14239
1310,14240
1310,14277
1310,14282
1310,14283
1310,14303
1310,14305
1310,14306
1310,14307
1310,14360
1310,14377
1310,14378
1310,14381
1310,14382
1310,14385
1310,14386
1310,14389
1310,14390
1310,14458
1310,14459
1310,14514
1310,14515
1310,14516
1310,14520
1310,14524
1310,14526
1310,14537
1310,14538
1310,14543
1310,14546
1310,14562
1310,14584
1310,14636
1310,14645
1310,14653
1310,14654
1310,14655
1310,14659
1310,14660
1310,14661
1310,14671
1310,14674
1310,14679
1310,14706
1310,14711
1310,14712
1310,14718
1310,14720
1310,14739
1310,14749
1310,14750
1310,14755
1310,14756
1310,14757
1310,14768
1310,14773
1310,14783
1310,14784
1310,14785
1310,14786
1310,14787
1310,14788
1310,14792
1310,14804
1310,14805
1310,14813
1310,14814
1310,14815
1310,14816
1310,14819
1310,14823
1310,14824
1310,14825
1310,14826
1310,14837
1310,14839
1310,14840
1310,14841
1310,14842
1310,14843
1310,14845
1310,14852
1310,14853
1310,14860
1310,14875
1310,14883
1310,14884
1310,14889
1310,14890
1310,14891
1310,14893
1310,14894
1310,14895
1310,14896
1310,14897
1310,14898
1310,14899
1310,14900
1310,14901
1310,14902
1310,14903
1310,14904
1310,14905
1310,14906
1310,14911
1310,14913
1310,14915
1310,14939
1310,14995
1310,14997
1310,14998
1310,14999
1310,15000
1310,15001
1310,15004
1310,15005
1310,15006
1310,15031
1310,15033
1310,15034
1310,15035
1310,15070
1310,15076
1310,15077
1310,15078
1310,15079
1310,15080
1310,15083
1310,15087
1310,15090
1310,15096
1310,15105
1310,15106
1310,15107
1310,15108
1310,15110
1310,15111
1310,15119
1310,15120
1310,15137
1310,15143
1310,15144
1310,15145
1310,15146
1310,15150
1310,15151
1310,15152
1310,15153
1310,15156
1310,15157
1310,15158
1310,15180
1310,15188
1310,15191
1310,15201
1310,15202
1310,15239
1310,15240
1310,15244
1310,15245
1310,15246
1310,15247
1310,15248
1310,15249
1310,15250
1310,15251
1310,15252
1310,15291
1310,15292
1310,15293
1310,15294
1310,15295
1310,15296
1310,15297
1310,15304
1310,15305
1310,15306
1310,15307
1310,15308
1310,15310
1310,15311
1310,15312
1310,15320
1310,15328
1310,15329
1310,15330
1310,15346
1310,15350
1310,15351
1310,15352
1310,15390
1310,15391
1310,15392
1310,15393
1310,15401
1310,15402
1310,15405
1310,15406
1310,15458
1310,15461
1310,15462
1310,15469
1310,15476
1310,15477
1310,15484
1310,15516
1310,15521
1310,15522
1310,15523
1310,15527
1310,15540
1310,15541
1310,15548
1310,15553
1310,15554
1310,15555
1310,15556
1310,15557
1310,15560
1310,15565
1310,15567
1310,15568
1310,15594
1310,15595
1310,15596
1310,15600
1310,15601
1310,15602
1310,15603
1310,15631
1310,15632
1310,15633
1310,15638
1310,15639
1310,15640
1310,15642
1310,15643
1310,15644
1310,15646
1310,15647
1310,15648
1310,15649
1310,15650
1310,15651
1310,15662
1310,15688
1310,15695
1310,15697
1310,15700
1310,15704
1310,15705
1310,15713
1310,15714
1310,15715
1310,15716
1310,15717
1310,15718
1310,15720
1310,15721
1310,15722
1310,15746
1310,15749
1310,15750
1310,15751
1310,15752
1310,15753
1310,15754
1310,15756
1310,15757
1310,15759
1310,15760
1310,15761
1310,15762
1310,15763
1310,15769
1310,15772
1310,15773
1310,15780
1310,15784
1310,15789
1310,15792
1310,15793
1310,15805
1310,15814
1310,15829
1310,15853
1310,15866
1310,15867
1310,15868
1310,15890
1310,15891
1310,15901
1310,15925
1310,15926
1310,15927
1310,15928
1310,15929
1310,15930
1310,15931
1310,15932
1310,15957
1310,15958
1310,15961
1310,15962
1310,15963
1310,15991
1310,15992
1310,15993
1310,15995
1310,15999
1310,16000
1310,16001
1310,16007
1310,16008
1310,16017
1310,16018
1310,16054
1310,16055
1310,16056
1310,16061
1310,16062
1310,16063
1310,16066
1310,16110
1310,16113
1310,16114
1310,16116
1310,16162
1310,16166
1310,16167
1310,16168
1310,16196
1310,16197
1310,16198
1310,16199
1310,16200
1310,16201
1310,16202
1310,16213
1310,16302
1310,16303
1310,16308
1310,16309
1310,16310
1310,16312
1310,16313
1310,16314
1310,16323
1310,16329
1310,16396
1310,16398
1310,16399
1310,16401
1310,16402
1310,16403
1310,16421
1310,16422
1310,16424
1310,16425
1310,16426
1311,10122
1311,11654
1311,11839
1311,12058
1311,12059
1311,12088
1311,12136
1311,12757
1311,12909
1311,12959
1311,12970
1311,12981
1311,12982
1311,12983
1311,12984
1311,12997
1311,13212
1311,13348
1311,13411
1311,13631
1311,13730
1311,13734
1311,13746
1311,14137
1311,14138
1311,14161
1311,14162
1311,14173
1311,14175
1311,14199
1311,14740
1311,14748
1311,14844
1311,14853
1311,14993
1311,14994
1311,15003
1311,15075
1311,15086
1311,15102
1311,15141
1311,15142
1311,15149
1311,15180
1311,15200
1311,15238
1311,15242
1311,15243
1311,15290
1311,15303
1311,15314
1311,15315
1311,15319
1311,15320
1311,15569
1311,15570
1311,15598
1311,15599
1311,15635
1311,15636
1311,15637
1311,15698
1311,15699
1311,15719
1311,15755
1311,15758
1311,15869
1311,15922
1311,15923
1311,15924
1311,16003
1311,16165
1311,16215
1311,16397
1311,16414
1312,10086
1312,10115
1312,12332
1312,12336
1312,12337
1312,12339
1312,12736
1312,13741
1312,14392
1312,14393
1312,14395
1312,14396
1312,14397
1312,14398
1312,14399
1312,14400
1312,14402
1312,14403
1312,14406
1312,14407
1312,14410
1312,14411
1312,14412
1312,14413
1312,14414
1312,14415
1312,15317
1312,15318
1312,16106
1312,16107
1313,10101
1313,11162
1313,11510
1313,11531
1313,12459
1313,12460
1313,12950
1313,13615
1313,13736
1313,13737
1313,13801
1313,13802
1313,14131
1313,14190
1313,14194
1313,14195
1313,14241
1313,14242
1313,14539
1313,14580
1313,14637
1313,14719
1313,14722
1313,14723
1313,14741
1313,14805
1313,14817
1313,14838
1313,14885
1313,14886
1313,14914
1313,14948
1313,15002
1313,15159
1313,15178
1313,15209
1313,15210
1313,15215
1313,15259
1313,15323
1313,15338
1313,15399
1313,15400
1313,15403
1313,15404
1313,15412
1313,15459
1313,15468
1313,15516
1313,15537
1313,15558
1313,15559
1313,15604
1313,15605
1313,15634
1313,15663
1313,15693
1313,15701
1313,15747
1313,15748
1313,15764
1313,15765
1313,15768
1313,15781
1313,15782
1313,15783
1313,15794
1313,15802
1313,15803
1313,15837
1313,15849
1313,15850
1313,15888
1313,15889
1313,15968
1313,15994
1313,16002
1313,16169
1313,16301
1313,16321
1313,16331
1313,16361
1313,16362
1313,16400
1313,16427
1314,10084
1314,10093
1314,10100
1314,10106
1314,10118
1314,10123
1314,12135
1314,12140
1314,12141
1314,12853
1314,12854
1314,13614
1314,13735
1314,14140
1314,14539
1314,14817
1314,15037
1314,15081
1314,15082
1314,15084
1314,15085
1314,15118
1314,15148
1314,15153
1314,15154
1314,15155
1314,15203
1314,15204
1314,15241
1314,15253
1314,15298
1314,15299
1314,15300
1314,15302
1314,15566
1314,15578
1314,15710
1314,15934
1314,16109
1314,16415
14,10029
14,10233
14,10553
14,10554
14,10557
14,10558
14,10578
14,10579
14,11021
14,11022
14,11023
14,11024
14,11025
14,11026
14,11170
14,11171
14,11573
14,11781
14,11966
14,11969
14,11970
14,11971
14,12302
14,12385
14,12505
14,12593
14,12595
14,12620
14,12621
14,12635
14,12663
14,12777
14,12778
14,12991
14,12992
14,13043
14,13044
14,13045
14,13094
14,13095
14,13096
14,13122
14,13123
14,13186
14,13390
14,13391
14,13392
14,13394
14,13455
14,13499
14,13507
14,13605
14,13608
14,13819
14,13820
14,13903
14,13918
14,13919
14,13920
14,13921
14,13922
14,13936
14,13937
14,13950
14,13951
14,13999
14,14209
14,14285
14,14286
14,14287
14,14288
14,14352
14,14353
14,14383
14,14384
14,14434
14,14457
14,14474
14,14475
14,14504
14,14505
14,14540
14,14608
14,14638
14,14672
14,14673
14,14887
14,14888
14,14918
14,14919
14,14920
14,14921
14,15528
14,15529
14,15530
14,15531
14,15532
14,15685
14,15686
14,15687
14,15804
14,15933
14,15935
14,15996
14,15997
14,15998
14,16158
14,16159
14,16160
1410,10233
1410,10557
1410,10558
1410,10578
1410,10579
1410,11021
1410,11022
1410,11023
1410,11024
1410,11025
1410,11573
1410,11781
1410,11966
1410,12302
1410,12593
1410,12595
1410,12620
1410,12635
1410,12777
1410,12778
1410,12991
1410,12992
1410,13045
1410,13094
1410,13095
1410,13096
1410,13186
1410,13390
1410,13391
1410,13392
1410,13394
1410,13605
1410,13820
1410,13903
1410,13918
1410,13919
1410,13921
1410,13936
1410,13937
1410,13999
1410,14285
1410,14353
1410,14383
1410,14384
1410,14457
1410,14474
1410,14475
1410,14540
1410,14608
1410,14672
1410,14918
1410,14919
1410,14920
1410,14921
1410,15528
1410,15529
1410,15531
1410,15532
1410,15685
1410,15686
1410,15687
1410,15933
1410,15935
1410,15996
1410,15998
1410,16158
1410,16159
1410,16160
1411,10029
1411,10553
1411,10554
1411,11026
1411,11170
1411,11171
1411,11969
1411,11970
1411,11971
1411,12385
1411,12505
1411,12621
1411,12663
1411,13043
1411,13044
1411,13122
1411,13123
1411,13455
1411,13499
1411,13507
1411,13608
1411,13819
1411,13920
1411,13922
1411,13950
1411,13951
1411,14209
1411,14286
1411,14287
1411,14288
1411,14352
1411,14434
1411,14504
1411,14505
1411,14638
1411,14673
1411,14887
1411,14888
1411,15530
1411,15804
1411,15997
15,10222
15,10223
15,11003
15,11005
15,11184
15,11206
15,11780
15,11824
15,11826
15,11931
15,11961
15,12125
15,12126
15,12127
15,12128
15,12129
15,12325
15,12377
15,12378
15,12379
15,12476
15,12480
15,12557
15,12558
15,12586
15,12667
15,12668
15,12669
15,12670
15,12673
15,12674
15,12694
15,12783
15,12883
15,12884
15,12885
15,12886
15,12922
15,13101
15,13102
15,13197
15,13198
15,13283
15,13284
15,13285
15,13340
15,13341
15,13342
15,13343
15,13344
15,13362
15,13363
15,13534
15,13552
15,13562
15,13563
15,13565
15,13566
15,13567
15,13574
15,13701
15,13702
15,13705
15,13706
15,13750
15,13751
15,13794
15,13795
15,13827
15,13828
15,13880
15,13881
15,13882
15,13883
15,13885
15,13886
15,13887
15,13888
15,13889
15,13890
15,13891
15,13955
15,13956
15,13991
15,14034
15,14278
15,14279
15,14280
15,14281
15,14284
15,14439
15,14440
15,14506
15,14568
15,14569
15,14585
15,14607
15,14642
15,14643
15,14675
15,14700
15,14701
15,14702
15,14703
15,14704
15,14705
15,14717
15,14742
15,14876
15,14912
15,14957
15,14958
15,14959
15,14960
15,14961
15,15036
15,15041
15,15091
15,15092
15,15093
15,15094
15,15095
15,15097
15,15098
15,15099
15,15100
15,15114
15,15197
15,15205
15,15206
15,15207
15,15208
15,15256
15,15257
15,15258
15,15331
15,15332
15,15333
15,15334
15,15396
15,15397
15,15398
15,15420
15,15421
15,15517
15,15542
15,15543
15,15544
15,15545
15,15546
15,15547
15,15683
15,15884
15,15885
15,15886
15,15887
15,15898
15,15899
15,15900
15,15902
15,15903
15,15904
15,15905
15,15906
15,15907
15,15908
15,15909
15,15910
15,15911
15,15912
15,15943
15,15944
15,15945
15,15946
15,16097
15,16098
15,16229
15,16231
15,16232
15,16293
15,16294
15,16295
15,16300
15,16341
15,16360
1510,10222
1510,11003
1510,11005
1510,11184
1510,11206
1510,11931
1510,11961
1510,12125
1510,12126
1510,12127
1510,12128
1510,12129
1510,12476
1510,12480
1510,12586
1510,12667
1510,12668
1510,12669
1510,12670
1510,12673
1510,12674
1510,12694
1510,13101
1510,13102
1510,13197
1510,13198
1510,13283
1510,13340
1510,13341
1510,13342
1510,13343
1510,13344
1510,13362
1510,13363
1510,13534
1510,13552
1510,13562
1510,13563
1510,13565
1510,13566
1510,13567
1510,13574
1510,13827
1510,13828
1510,13880
1510,13881
1510,13882
1510,13885
1510,13886
1510,13887
1510,13955
1510,13956
1510,13991
1510,14034
1510,14278
1510,14279
1510,14280
1510,14281
1510,14284
1510,14439
1510,14440
1510,14506
1510,14568
1510,14569
1510,14642
1510,14643
1510,14675
1510,14717
1510,14742
1510,14912
1510,14957
1510,14958
1510,14959
1510,14960
1510,14961
1510,15036
1510,15041
1510,15091
1510,15097
1510,15098
1510,15099
1510,15100
1510,15114
1510,15205
1510,15206
1510,15207
1510,15208
1510,15256
1510,15257
1510,15258
1510,15396
1510,15397
1510,15398
1510,15420
1510,15421
1510,15683
1510,15899
1510,15900
1510,15911
1510,15912
1510,16097
1510,16098
1510,16229
1510,16231
1510,16232
1510,16360
1511,11780
1511,12325
1511,12377
1511,12378
1511,12379
1511,12557
1511,12558
1511,12783
1511,12922
1511,13284
1511,13285
1511,13701
1511,13702
1511,13705
1511,13706
1511,13750
1511,13751
1511,13883
1511,14585
1511,14607
1511,14700
1511,14701
1511,14702
1511,14703
1511,14704
1511,14705
1511,14876
1511,15092
1511,15093
1511,15094
1511,15095
1511,15197
1511,15517
1511,15542
1511,15543
1511,15544
1511,15545
1511,15546
1511,15547
1511,15884
1511,15885
1511,15886
1511,15887
1511,15898
1511,15902
1511,15903
1511,15904
1511,15905
1511,15906
1511,15907
1511,15908
1511,15909
1511,15910
1511,15943
1511,15944
1511,15945
1511,15946
1511,16294
1511,16295
1511,16300
1511,16341
1512,12883
1512,12884
1512,12885
1512,12886
1512,13794
1512,13795
1512,13888
1512,13889
1512,13890
1512,13891
1512,15331
1512,15332
1512,15333
1512,15334
1512,16293
16,10094
16,10095
16,10117
16,10366
16,10373
16,10374
16,10375
16,10376
16,10377
16,10378
16,10381
16,10382
16,10383
16,10384
16,10386
16,10387
16,10581
16,10582
16,10583
16,10584
16,10586
16,10588
16,10589
16,10590
16,10622
16,10623
16,10624
16,10716
16,10719
16,10723
16,10724
16,11028
16,11030
16,11031
16,11032
16,11033
16,11036
16,11038
16,11039
16,11042
16,11043
16,11049
16,11050
16,11051
16,11052
16,11053
16,11055
16,11056
16,11057
16,11060
16,11062
16,11063
16,11149
16,11199
16,11281
16,11282
16,11291
16,11292
16,11293
16,11294
16,11295
16,11297
16,11382
16,11434
16,11435
16,11437
16,11438
16,11439
16,11441
16,11442
16,11443
16,11448
16,11464
16,11471
16,11526
16,11527
16,11906
16,11946
16,11948
16,11965
16,12139
16,12322
16,12351
16,12352
16,12364
16,12498
16,12608
16,12640
16,12661
16,12678
16,12702
16,12704
16,12790
16,12880
16,12882
16,12902
16,12903
16,13071
16,13089
16,13254
16,13258
16,13259
16,13350
16,13531
16,13575
16,135751111
16,135751311
16,13576
16,135761111
16,13580
16,13581
16,135811111
16,13582
16,135821111
16,13583
16,135831111
16,13584
16,13586
16,13588
16,13592
16,13593
16,13611
16,13612
16,13656
16,13902
16,13953
16,13954
16,14017
16,14018
16,14032
16,14062
16,14172
16,14227
16,14234
16,14423
16,14443
16,14444
16,14456
16,14494
16,14495
16,14496
16,14497
16,14528
16,14533
16,14534
16,14617
16,14765
16,14766
16,14767
16,14818
16,14821
16,14822
16,14851
16,14892
16,14907
16,14908
16,14909
16,14910
16,14938
16,15038
16,15071
16,15073
16,15103
16,15104
16,15147
16,15204
16,15301
16,15309
16,15321
16,15322
16,15341
16,15408
16,15465
16,15466
16,15467
16,15526
16,15563
16,15579
16,15630
16,15668
16,15669
16,15670
16,15671
16,15672
16,15673
16,15674
16,15675
16,15676
16,15677
16,15678
16,15694
16,15725
16,15726
16,15727
16,15728
16,15729
16,15730
16,15731
16,15732
16,15734
16,15735
16,15736
16,15737
16,15738
16,15739
16,15740
16,15741
16,15742
16,15743
16,15744
16,15745
16,15770
16,15771
16,15778
16,15779
16,15795
16,15800
16,15801
16,15815
16,15816
16,15818
16,15964
16,16096
16,16170
16,16223
16,16224
16,16225
16,16304
16,16307
16,16330
16,16342
16,16343
16,16344
1610,10373
1610,10381
1610,10583
1610,11038
1610,11464
1610,13089
1610,13254
1610,13258
1610,13531
1610,13584
1610,13592
1610,13593
1610,13902
1610,14018
1610,14032
1610,14062
1610,14172
1610,14423
1610,14443
1610,14444
1610,14456
1610,14497
1610,14533
1610,14617
1610,14765
1610,14821
1610,14851
1610,14892
1610,14907
1610,15071
1610,15073
1610,15103
1610,15104
1610,15147
1610,15309
1610,15341
1610,15465
1610,15466
1610,15467
1610,15526
1610,15630
1610,15668
1610,15670
1610,15671
1610,15676
1610,15725
1610,15726
1610,15731
1610,15739
1610,15740
1610,15770
1610,15778
1610,15779
1610,15800
1610,15815
1610,15964
1610,16170
1610,16224
1610,16225
1610,16343
1610,16344
1611,10375
1611,10582
1611,10622
1611,11028
1611,11032
1611,11033
1611,11036
1611,11199
1611,11293
1611,11294
1611,11437
1611,11443
1611,11527
1611,11906
1611,12139
1611,12364
1611,13071
1611,13576
1611,13580
1611,13581
1611,13582
1611,13586
1611,13588
1611,13612
1611,14017
1611,14528
1611,14534
1611,14766
1611,15669
1611,15672
1611,15674
1611,15675
1611,15677
1611,15694
1611,15727
1611,15729
1611,15732
1611,15734
1611,15741
1611,15742
1611,16330
1611,16342
1612,10117
1612,10581
1612,10623
1612,10624
1612,11030
1612,11031
1612,11057
1612,11295
1612,11435
1612,12640
1612,13611
1612,15204
1612,15322
1612,15563
1612,15673
1612,15743
1612,15771
1612,16330
1613,10382
1613,10384
1613,10387
1613,10584
1613,11049
1613,11282
1613,11291
1613,11297
1613,11442
1613,11448
1613,11526
1613,12351
1613,13259
1613,14818
1613,14908
1613,15678
1613,15730
1613,15735
1613,15744
1613,15801
1613,16096
1613,16307
1614,10094
1614,10095
1614,10366
1614,10588
1614,10590
1614,10719
1614,10723
1614,10724
1614,11149
1614,12882
1614,14495
1614,14910
1614,14938
1614,15038
1614,15301
1614,15322
1614,15579
1614,15737
1614,15795
1614,15816
1614,16223
1615,10383
1615,10386
1615,11042
1615,11043
1615,11050
1615,11060
1615,12790
1615,13583
1615,135831111
1615,13656
1615,14496
1615,14767
1615,14822
1615,14909
1615,15038
1615,15253
1615,15408
1615,15728
1615,15736
1615,15738
1615,15745
1615,16304
1616,11052
1616,11053
1616,11382
1617,10586
1617,10589
1617,11051
1617,11055
1617,11056
1617,11062
1617,11063
1617,12352
1617,12661
1617,13575
1617,15321
1617,15818
17,10278
17,11621
17,11625
17,11627
17,11628
17,11748
17,12170
17,12171
17,12198
17,12213
17,12214
17,12244
17,12414
17,12428
17,12430
17,12436
17,12441
17,12631
17,12632
17,13072
17,13174
17,13175
17,13176
17,13181
17,13190
17,13194
17,13228
17,13229
17,13231
17,13232
17,13233
17,13234
17,13235
17,13236
17,13237
17,13238
17,13239
17,13272
17,13273
17,13274
17,13275
17,13276
17,13277
17,13278
17,13279
17,13280
17,13281
17,13282
17,13401
17,13402
17,13412
17,13414
17,13415
17,13418
17,13508
17,13509
17,13510
17,13511
17,13521
17,13522
17,13523
17,13526
17,13527
17,13528
17,13529
17,13530
17,13549
17,13679
17,13681
17,13684
17,13686
17,13688
17,13690
17,13711
17,13712
17,13713
17,13714
17,13715
17,13716
17,13717
17,13718
17,13719
17,13720
17,13721
17,13722
17,13723
17,13724
17,13725
17,13726
17,13727
17,13844
17,13845
17,13855
17,13856
17,13859
17,13863
17,13864
17,13865
17,13866
17,13867
17,13869
17,13870
17,13871
17,13872
17,13926
17,14043
17,14045
17,14046
17,14047
17,14048
17,14050
17,14051
17,14070
17,14071
17,14106
17,14107
17,14109
17,14110
17,14112
17,14113
17,14114
17,14210
17,14212
17,14213
17,14214
17,14215
17,14216
17,14217
17,14308
17,14310
17,14312
17,14313
17,14315
17,14316
17,14318
17,14321
17,14327
17,14328
17,14333
17,14334
17,14336
17,14337
17,14338
17,14339
17,14340
17,14342
17,14343
17,14345
17,14346
17,14362
17,14363
17,14364
17,14365
17,14366
17,14367
17,14368
17,14369
17,14370
17,14371
17,14372
17,14373
17,14374
17,14375
17,14376
17,14547
17,14548
17,14549
17,14550
17,14551
17,14552
17,14553
17,14554
17,14555
17,14556
17,14557
17,14615
17,14616
17,14680
17,14681
17,14754
17,14795
17,14796
17,14797
17,14798
17,14799
17,14800
17,14801
17,14812
17,14854
17,14855
17,14856
17,14857
17,14867
17,14868
17,14869
17,14870
17,14871
17,14874
17,14922
17,14923
17,14924
17,14925
17,14926
17,14927
17,14928
17,14929
17,14930
17,14931
17,14935
17,14936
17,14937
17,15015
17,15016
17,15124
17,15127
17,15128
17,15129
17,15131
17,15132
17,15133
17,15135
17,15422
17,15423
17,15424
17,15425
17,15426
17,15427
17,15428
17,15429
17,15431
17,15432
17,15490
17,15491
17,15492
17,15493
17,15494
17,15495
17,15574
17,15575
17,15576
17,15577
17,15580
17,15581
17,15582
17,15583
17,15584
17,15585
17,15586
17,15587
17,15588
17,15589
17,15590
17,15597
17,15614
17,15615
17,15616
17,15617
17,15618
17,15619
17,15620
17,15621
17,15622
17,15623
17,15624
17,15625
17,15626
17,15627
17,15628
17,15629
17,15806
17,15807
17,15808
17,15809
17,15810
17,15811
17,15812
17,15813
17,15854
17,15855
17,15856
17,15857
17,15858
17,15859
17,15860
17,15862
17,15863
17,15870
17,15871
17,15872
17,15873
17,15874
17,15875
17,15876
17,15877
17,16009
17,16010
17,16011
17,16012
17,16013
17,16014
17,16015
17,16016
17,16032
17,16111
17,16112
17,16134
17,16136
17,16137
17,16138
17,16139
17,16140
17,16141
17,16142
17,16143
17,16144
17,16145
17,16146
17,16147
17,16148
17,16149
17,16205
1710,10278
1710,11621
1710,11625
1710,11748
1710,12213
1710,12414
1710,12428
1710,12441
1710,12631
1710,13072
1710,13231
1710,13232
1710,13235
1710,13237
1710,13273
1710,13277
1710,13281
1710,13282
1710,13412
1710,13511
1710,13521
1710,13522
1710,13530
1710,13549
1710,13688
1710,13690
1710,13722
1710,13855
1710,13856
1710,13863
1710,13872
1710,13926
1710,14048
1710,14071
1710,14106
1710,14109
1710,14113
1710,14210
1710,14212
1710,14214
1710,14215
1710,14216
1710,14217
1710,14308
1710,14313
1710,14333
1710,14338
1710,14345
1710,14365
1710,14366
1710,14374
1710,14552
1710,14553
1710,14555
1710,14556
1710,14615
1710,14681
1710,14795
1710,14798
1710,14812
1710,14868
1710,14869
1710,14874
1710,14927
1710,14928
1710,14930
1710,14937
1710,15424
1710,15426
1710,15577
1710,15597
1710,15614
1710,15621
1710,15857
1710,15873
1710,16013
1710,16016
1710,16032
1710,16142
1711,11627
1711,11628
1711,12214
1711,12436
1711,13181
1711,13239
1711,13278
1711,13523
1711,13526
1711,13679
1711,13686
1711,13721
1711,13727
1711,13845
1711,13871
1711,14112
1711,14213
1711,14310
1711,14315
1711,14336
1711,14337
1711,14362
1711,14363
1711,14364
1711,14367
1711,14616
1711,14754
1711,14799
1711,14854
1711,14855
1711,14867
1711,14870
1711,14925
1711,14935
1711,15016
1711,15124
1711,15131
1711,15135
1711,15425
1711,15432
1711,15494
1711,15582
1711,15583
1711,15584
1711,16010
1711,16011
1711,16014
1711,16015
1711,16111
1711,16112
1711,16134
1711,16136
1711,16140
1712,12198
1712,12244
1712,12430
1712,13174
1712,13194
1712,13228
1712,13234
1712,13238
1712,13272
1712,13274
1712,13275
1712,13276
1712,13280
1712,13402
1712,13414
1712,13415
1712,13418
1712,13510
1712,13681
1712,13684
1712,13711
1712,13712
1712,13713
1712,13720
1712,13724
1712,13726
1712,13864
1712,13865
1712,13866
1712,13867
1712,13869
1712,13870
1712,14045
1712,14047
1712,14107
1712,14114
1712,14312
1712,14316
1712,14318
1712,14321
1712,14327
1712,14339
1712,14340
1712,14342
1712,14369
1712,14373
1712,14375
1712,14376
1712,14547
1712,14548
1712,14796
1712,14797
1712,14800
1712,14801
1712,14857
1712,14871
1712,14922
1712,14923
1712,14924
1712,14926
1712,14929
1712,14936
1712,15015
1712,15127
1712,15128
1712,15132
1712,15422
1712,15428
1712,15429
1712,15431
1712,15491
1712,15581
1712,15619
1712,15622
1712,15623
1712,15624
1712,15806
1712,15807
1712,15808
1712,15810
1712,15811
1712,15812
1712,15813
1712,15854
1712,15855
1712,15858
1712,15859
1712,15860
1712,15870
1712,15871
1712,15872
1712,15874
1712,16009
1712,16139
1712,16141
1712,16143
1712,16144
1712,16147
1712,16148
1712,16149
1712,16205
1713,12170
1713,12171
1713,12632
1713,13175
1713,13176
1713,13190
1713,13229
1713,13233
1713,13236
1713,13279
1713,13401
1713,13508
1713,13509
1713,13527
1713,13528
1713,13529
1713,13714
1713,13715
1713,13716
1713,13717
1713,13718
1713,13719
1713,13723
1713,13725
1713,13844
1713,13859
1713,14043
1713,14046
1713,14050
1713,14051
1713,14070
1713,14110
1713,14328
1713,14334
1713,14343
1713,14346
1713,14368
1713,14370
1713,14371
1713,14372
1713,14549
1713,14550
1713,14551
1713,14554
1713,14557
1713,14680
1713,14856
1713,14931
1713,15129
1713,15133
1713,15423
1713,15427
1713,15490
1713,15492
1713,15493
1713,15495
1713,15574
1713,15575
1713,15576
1713,15580
1713,15585
1713,15586
1713,15587
1713,15588
1713,15589
1713,15590
1713,15615
1713,15616
1713,15617
1713,15618
1713,15620
1713,15625
1713,15626
1713,15627
1713,15628
1713,15629
1713,15809
1713,15856
1713,15859
1713,15862
1713,15863
1713,15875
1713,15876
1713,15877
1713,16012
1713,16137
1713,16138
1713,16145
1713,16146
19,10164
19,10165
19,10223
19,10261
19,10262
19,10263
19,10404
19,10407
19,10408
19,10409
19,10509
19,10592
19,10595
19,10596
19,10597
19,10598
19,10599
19,10600
19,10601
19,10646
19,10648
19,10664
19,10665
19,10666
19,10741
19,10744
19,10745
19,10775
19,10776
19,10828
19,10829
19,10830
19,10850
19,10852
19,10857
19,10859
19,10873
19,10875
19,10921
19,10922
19,11067
19,11078
19,11128
19,11195
19,11203
19,11408
19,11639
19,11641
19,11695
19,11696
19,11697
19,11817
19,11972
19,11976
19,12004
19,12005
19,12008
19,12056
19,12091
19,12092
19,12093
19,12094
19,12095
19,12096
19,12097
19,12201
19,12205
19,12227
19,12228
19,12229
19,12284
19,12327
19,12352
19,12357
19,12427
19,12503
19,12537
19,12597
19,12610
19,12615
19,12619
19,12642
19,12644
19,12685
19,12686
19,12687
19,12690
19,12779
19,12780
19,12781
19,12782
19,12810
19,12811
19,12822
19,12823
19,12824
19,12825
19,12826
19,12827
19,12828
19,12831
19,12833
19,12834
19,12835
19,12870
19,12873
19,12875
19,12876
19,12877
19,12878
19,12881
19,12931
19,12935
19,12936
19,12943
19,12974
19,12975
19,12976
19,12977
19,12978
19,12979
19,12980
19,12993
19,12994
19,13028
19,13029
19,13030
19,13031
19,13041
19,13059
19,13070
19,13074
19,13090
19,13091
19,13092
19,13115
19,13129
19,13135
19,13136
19,13138
19,13142
19,13144
19,13145
19,13150
19,13151
19,13155
19,13215
19,13266
19,13339
19,13365
19,13366
19,13367
19,13368
19,13377
19,13386
19,13387
19,13409
19,13444
19,13451
19,13461
19,13462
19,13491
19,13492
19,13500
19,13501
19,13502
19,13503
19,13504
19,13505
19,13513
19,13514
19,13515
19,13516
19,13538
19,13542
19,13544
19,13545
19,13546
19,13556
19,13561
19,13650
19,13657
19,13699
19,13700
19,13732
19,13753
19,13754
19,13778
19,13780
19,13781
19,13782
19,13783
19,13784
19,13785
19,13812
19,13813
19,13815
19,13816
19,13817
19,13818
19,13841
19,13893
19,13894
19,13895
19,13896
19,13897
19,13898
19,13925
19,13961
19,13962
19,14002
19,14003
19,14024
19,14033
19,14052
19,14053
19,14060
19,14061
19,14096
19,14097
19,14098
19,14099
19,14100
19,14101
19,14180
19,14182
19,14183
19,14184
19,14185
19,14187
19,14196
19,14203
19,14204
19,14205
19,14218
19,14220
19,14247
19,14251
19,14252
19,14253
19,14254
19,14256
19,14275
19,14289
19,14294
19,14295
19,14296
19,14297
19,14298
19,14299
19,14300
19,14301
19,14302
19,14304
19,14361
19,14379
19,14391
19,14419
19,14420
19,14422
19,14424
19,14425
19,14427
19,14432
19,14433
19,14447
19,14449
19,14450
19,14451
19,14452
19,14453
19,14454
19,14460
19,14461
19,14462
19,14507
19,14529
19,14531
19,14532
19,14544
19,14558
19,14559
19,14560
19,14577
19,14582
19,14609
19,14610
19,14611
19,14612
19,14613
19,14614
19,14624
19,14625
19,14626
19,14627
19,14652
19,14656
19,14657
19,14658
19,14664
19,14665
19,14666
19,14667
19,14668
19,14669
19,14670
19,14676
19,14677
19,14682
19,14685
19,14686
19,14687
19,14746
19,14747
19,14752
19,14753
19,14758
19,14759
19,14760
19,14769
19,14770
19,14790
19,14791
19,14802
19,14803
19,14806
19,14809
19,14810
19,14811
19,14846
19,14849
19,14850
19,14872
19,14873
19,14916
19,14932
19,14933
19,14934
19,14953
19,14954
19,14955
19,14966
19,14967
19,14968
19,14969
19,14970
19,14971
19,14972
19,14973
19,14974
19,14975
19,14976
19,14977
19,14978
19,14979
19,14990
19,14991
19,14992
19,15007
19,15008
19,15011
19,15012
19,15013
19,15014
19,15024
19,15025
19,15026
19,15027
19,15028
19,15029
19,15030
19,15032
19,15038
19,15056
19,15057
19,15058
19,15062
19,15065
19,15066
19,15067
19,15068
19,15115
19,15116
19,15117
19,15122
19,15125
19,15176
19,15177
19,15179
19,15186
19,15187
19,15192
19,15193
19,15194
19,15203
19,15211
19,15253
19,15255
19,15260
19,15261
19,15263
19,15265
19,15267
19,15313
19,15379
19,15380
19,15381
19,15387
19,15409
19,15448
19,15450
19,15451
19,15452
19,15453
19,15454
19,15455
19,15456
19,15549
19,15550
19,15571
19,15572
19,15573
19,15611
19,15612
19,15613
19,15652
19,15689
19,15785
19,15786
19,15787
19,15788
19,15791
19,15818
19,15821
19,15822
19,15823
19,15824
19,15825
19,15826
19,15827
19,15828
19,15917
19,15918
19,15919
19,16005
19,16006
19,16099
19,16100
19,16101
19,16102
19,16163
19,16164
19,16171
19,16172
19,16173
19,16174
19,16175
19,16176
19,16177
19,16178
19,16179
19,16180
19,16181
19,16182
19,16183
19,16184
19,16185
19,16186
19,16187
19,16188
19,16189
19,16190
19,16191
19,16192
19,16193
19,16194
19,16203
19,16204
19,16207
19,16208
19,16209
19,16218
19,16219
19,16220
19,16221
19,16222
19,16226
19,16227
19,16228
19,16296
19,16297
19,16315
19,16316
19,16317
19,16318
19,16319
19,16332
19,16333
19,16334
19,16335
19,16336
19,16337
19,16338
19,16339
19,16340
19,16390
19,16412
19,16423
1910,11067
1910,11203
1910,12822
1910,12823
1910,12824
1910,12827
1910,12828
1910,12935
1910,12936
1910,12994
1910,13366
1910,13368
1910,13462
1910,13501
1910,13542
1910,13544
1910,13546
1910,13657
1910,13753
1910,13754
1910,13778
1910,13780
1910,13784
1910,13785
1910,13961
1910,13962
1910,14024
1910,14033
1910,14060
1910,14061
1910,14204
1910,14253
1910,14275
1910,14295
1910,14296
1910,14297
1910,14298
1910,14299
1910,14300
1910,14301
1910,14302
1910,14391
1910,14420
1910,14422
1910,14432
1910,14433
1910,14447
1910,14460
1910,14461
1910,14462
1910,14507
1910,14532
1910,14609
1910,14610
1910,14612
1910,14613
1910,14670
1910,14685
1910,14686
1910,14687
1910,14752
1910,14753
1910,14790
1910,14791
1910,14809
1910,14810
1910,14811
1910,14849
1910,14966
1910,14967
1910,14968
1910,14970
1910,14972
1910,14973
1910,14975
1910,14976
1910,14978
1910,15029
1910,15030
1910,15032
1910,15115
1910,15116
1910,15122
1910,15176
1910,15177
1910,15179
1910,15192
1910,15193
1910,15194
1910,15211
1910,15255
1910,15785
1910,15786
1910,15787
1910,15788
1910,15821
1910,15822
1910,15823
1910,15824
1910,15825
1910,15826
1910,15827
1910,15828
1910,16171
1910,16172
1910,16203
1910,16204
1910,16218
1910,16219
1910,16220
1910,16221
1910,16222
1910,16226
1910,16227
1910,16228
1911,13365
1911,13500
1911,13699
1911,14424
1911,14425
1911,14427
1911,14449
1911,14450
1911,14451
1911,14452
1911,14453
1911,14454
1911,14531
1911,14544
1911,14582
1911,14611
1911,14846
1911,14969
1911,14971
1911,14974
1911,14977
1911,14979
1911,15062
1912,12327
1912,13538
1912,13545
1912,14098
1912,14099
1912,14100
1912,14101
1912,14203
1912,14205
1912,14218
1912,15011
1912,15012
1912,15013
1912,15014
1912,15117
1912,15549
1912,15550
1913,10664
1913,11639
1913,11641
1913,13700
1913,14251
1913,14252
1913,14254
1913,14256
1913,14577
1913,14614
1913,14652
1913,14872
1913,14873
1913,14932
1913,14933
1913,14934
1913,15125
1913,15917
1913,15918
1913,15919
1914,12284
1914,12537
1914,12615
1914,13041
1914,13074
1914,13129
1914,13142
1914,13144
1914,13145
1914,13150
1914,13151
1914,13812
1914,13813
1914,13815
1914,13816
1914,13817
1914,13841
1914,14052
1914,14053
1914,14182
1914,14183
1914,14184
1914,14185
1914,14187
1914,14247
1914,14558
1914,14559
1914,14624
1914,14625
1914,14626
1914,14627
1914,14676
1914,14677
1914,14682
1914,14758
1914,14759
1914,14760
1914,14990
1914,14991
1914,14992
1914,15024
1914,15025
1914,15026
1914,15056
1914,15057
1914,15058
1914,15065
1914,15066
1914,15067
1914,15068
1914,15387
1914,15448
1914,15450
1914,15451
1914,15452
1914,15453
1914,15454
1914,15455
1914,15456
1914,15611
1914,15612
1914,15613
1915,10407
1915,10408
1915,10409
1915,12644
1915,12810
1915,12811
1915,13266
1915,13451
1915,14664
1915,14665
1915,14666
1915,14667
1915,14668
1915,14669
1915,14953
1915,14954
1915,14955
1915,15260
1915,15261
1915,15263
1915,15265
1915,15571
1915,15572
1915,15573
1915,16005
1915,16006
1916,14656
1916,14657
1916,14658
1916,15186
1916,15187
1916,16163
1916,16164
1917,12205
1917,12779
1917,12781
1917,12782
1917,13028
1917,13029
1917,13030
1917,13031
1917,13091
1917,13115
1917,14180
1917,14802
1917,14803
1917,15027
1917,15028
1918,10741
1918,10744
1918,10745
1918,10775
1918,13059
1918,13090
1918,14002
1918,14003
1918,14746
1918,14747
1918,14769
1918,14806
1918,15008
1918,15379
1918,15380
1918,15381
1918,16099
1918,16100
1918,16101
1918,16102
1919,12503
1919,13386
1919,13444
1919,13893
1919,13894
1919,13895
1919,13896
1919,13897
1919,13898
1920,10828
1920,10829
1920,10830
1920,10850
1920,10852
1920,10857
1920,10859
1920,10873
1920,10875
1920,14916
1921,10223
1921,10592
1921,10595
1921,10596
1921,10597
1921,10598
1921,10599
1921,10600
1921,10601
1921,10646
1921,10648
1921,10921
1921,10922
1921,11128
1921,12229
1921,12352
1921,12619
1921,12978
1921,12980
1921,13135
1921,13136
1921,13215
1921,13339
1921,13377
1921,13409
1921,13461
1921,13491
1921,13492
1921,13732
1921,14096
1921,14097
1921,14196
1921,14304
1921,14361
1921,14379
1921,14529
1921,14560
1921,14770
1921,14850
1921,15007
1921,15038
1921,15203
1921,15253
1921,15267
1921,15313
1921,15409
1921,15652
1921,15689
1921,15791
1921,15818
1921,16173
1921,16174
1921,16175
1921,16176
1921,16177
1921,16178
1921,16179
1921,16180
1921,16181
1921,16182
1921,16183
1921,16184
1921,16185
1921,16186
1921,16187
1921,16188
1921,16189
1921,16190
1921,16191
1921,16192
1921,16193
1921,16194
1921,16207
1921,16208
1921,16209
1921,16296
1921,16297
1921,16315
1921,16316
1921,16317
1921,16318
1921,16319
1921,16332
1921,16333
1921,16334
1921,16335
1921,16336
1921,16337
1921,16338
1921,16339
1921,16340
1921,16390
1921,16412
1921,16423
20,10106
20,10107
20,10109
20,10110
20,10689
20,10699
20,10707
20,11280
20,11831
20,11832
20,11833
20,11979
20,12646
20,12919
20,12920
20,13728
20,14035
20,14822
20,15254
20,15679
20,15680
20,15681
20,15774
20,15775
20,15776
20,15777
20,16173
20,16174
20,16195
20,16315
20,16316
20,16317
20,16318
20,16319
2010,10106
2010,10107
2010,10109
2010,11280
2010,11979
2010,12919
2010,15254
2010,15774
2011,10110
2011,10689
2011,10699
2011,10707
2011,11831
2011,11832
2011,11833
2011,12646
2011,12920
2011,13728
2011,14035
2011,14822
2011,15679
2011,15680
2011,15681
2011,15775
2011,15776
2011,15777
2011,16173
2011,16174
2011,16195
2011,16315
2011,16316
2011,16317
2011,16318
2011,16319
90,12052
90,12223
90,12751
90,12786
90,13224
90,13704
90,13707
90,13708
90,13709
90,13710
90,13996
90,13997
90,13998
90,14007
90,14008
90,14009
90,14010
90,14072
90,14073
90,14074
90,14075
90,14076
90,14136
90,14725
90,14726
90,14730
90,14733
90,14734
90,14735
90,14736
90,14737
90,14738
90,14951
90,15039
90,15089
90,15101
90,15161
90,15162
90,15163
90,15164
90,15165
90,15199
90,15282
90,15518
90,15519
90,15520
90,15654
90,15658
90,15659
90,15660
90,15878
90,15879
90,15880
90,15881
90,15882
90,15883
90,16108
9010,13224
9010,13996
9010,13997
9010,13998
9010,14072
9010,14073
9010,14074
9010,14075
9010,14076
9010,14725
9010,15089
9010,15282
9010,15658
9010,15659
9010,15660
9011,12223
9011,14951
9011,15039
9011,15101
9011,15161
9011,15162
9011,15163
9011,15164
9011,15165
9012,12052
9012,14136
9013,12751
9013,14007
9013,14008
9013,14009
9013,14010
9013,15199
9013,15518
9013,15519
9013,15520
9013,15878
9013,15879
9013,15880
9013,15881
9013,15882
9013,15883
9014,11824
9014,11826
9014,12786
9014,13704
9014,13707
9014,13708
9014,13709
9014,13710
9014,14726
9014,14730
9014,14733
9014,14734
9014,14735
9014,14736
9014,14737
9014,14738
9014,15654
9014,16108
